"Anuradha_Marwah (1).jpg","Anuradha Marwah"
"Anuradha_Marwah (2).jpg","Anuradha Marwah"
"Anuradha_Marwah (3).jpg","Anuradha Marwah"
"Shivang_Mehta (1).JPG","Shivang Mehta"
"Shivang_Mehta (2).JPG","Shivang Mehta"
"Shivang_Mehta (3).JPG","Shivang Mehta"
"11B_P408.jpg",""
"21_33_M_33_M_I_00159b.jpg",""
"23_17_M_209B_P233.jpg",""
"I__00093.JPG",""
"in_buxa_01_c003b_12022018161655_P134.jpg",""
"in_kazi_01_c053a_09032018174247_P1768.jpg",""
"in_mana_01_c187a_08012018175359_P15.jpg",""
"in_name_01_c030a_23122021140748_P232.jpg",""
"Tadoba__00078.JPG",""
"Tiger.jpg",""